"timeStamp","StartTime","primaryDomain","remoteIP","localIP","recipientsIn","recipientRejectsIn","RATrecipientRejectsIn","tooManyrecipientRejectsIn","messagesIn","bytesIn","connectionAcceptsIn","spamSuspectMsgsIn","connectionRejectsIn","starttlsSuccessesIn","starttlsFailuresIn","recipientsOut","recipientRejectsOut","messagesOut","bytesOut","connectionAcceptsOut","connectionFailuresOut","connectionRejectsOut","starttlsSuccessesOut","starttlsFailuresOut","SenderBaseOrgID","SenderBaseReputationScore","senderGroup","senderPolicy","spamScanMsgsIn","spamFoundMsgsIn","virusFoundMsgsIn","virusScanMsgsIn","workDequeues","recipientsUnknownIn"
1130310000,"Wed Oct 26 00:00:00 2005","TOTAL","","66.93.133.119",30,3,3,0,28,530037,37,0,16,0,0,30,31,28,539528,56,0,0,0,0,799317,-7.1,BLACKLIST,$BLOCKED,29,22,0,30,30,0
1130310000,"Wed Oct 26 00:00:00 2005","insightbb.com","12.221.109.33","66.93.133.119",2,0,0,0,2,2579,2,0,0,0,0,0,0,0,0,0,0,0,0,0,1696839,-2.9,SUSPECTLIST,$THROTTLED,2,2,0,2,2,0
1130310000,"Wed Oct 26 00:00:00 2005","cgocable.net","24.57.71.23","66.93.133.119",0,0,0,0,0,0,1,0,0,0,0,0,0,0,0,0,0,0,0,0,2041977,0.7,UNKNOWNLIST,$ACCEPTED,0,0,0,0,0,0
1130310000,"Wed Oct 26 00:00:00 2005","midco.net","24.220.252.53","66.93.133.119",0,0,0,0,0,0,0,0,2,0,0,0,0,0,0,0,0,0,0,0,18987,-5.5,BLACKLIST,$BLOCKED,0,0,0,0,0,0
1130310000,"Wed Oct 26 00:00:00 2005","Unknown","59.36.33.237","66.93.133.119",2,0,0,0,2,975,2,0,0,0,0,0,0,0,0,0,0,0,0,0,35558,4.2,UNKNOWNLIST,$ACCEPTED,2,2,0,2,2,0
1130310000,"Wed Oct 26 00:00:00 2005","Unknown","60.26.12.137","66.93.133.119",1,0,0,0,1,1743,1,0,0,0,0,0,0,0,0,0,0,0,0,0,1145236,N/A,SUSPECTLIST,$THROTTLED,1,1,0,1,1,0
1130310000,"Wed Oct 26 00:00:00 2005","Unknown","61.80.9.1","66.93.133.119",3,0,0,0,1,857,1,0,0,0,0,0,0,0,0,0,0,0,0,0,29471,-0.2,UNKNOWNLIST,$ACCEPTED,3,3,0,3,3,0
1130310000,"Wed Oct 26 00:00:00 2005","Unknown","61.181.126.205","66.93.133.119",0,3,3,0,0,0,1,0,0,0,0,0,0,0,0,0,0,0,0,0,1145236,0.3,UNKNOWNLIST,$ACCEPTED,0,0,0,0,0,0
1130310000,"Wed Oct 26 00:00:00 2005","Unknown","64.4.162.196","66.93.133.119",1,0,0,0,1,999,1,0,0,0,0,0,0,0,0,0,0,0,0,0,176460,-3.1,SUSPECTLIST,$THROTTLED,1,1,0,1,1,0
1130310000,"Wed Oct 26 00:00:00 2005","Unknown","64.70.29.2","66.93.133.119",0,0,0,0,0,0,0,0,1,0,0,0,0,0,0,0,0,0,0,0,2126965,-4.0,BLACKLIST,$BLOCKED,0,0,0,0,0,0
1130310000,"Wed Oct 26 00:00:00 2005","Unknown","64.81.55.119","66.93.133.119",0,0,0,0,0,0,0,0,0,0,0,30,31,28,539528,56,0,0,0,0,0,N/A,ALL,,0,0,0,0,0,0
1130310000,"Wed Oct 26 00:00:00 2005","bellsouth.net","65.2.95.46","66.93.133.119",1,0,0,0,1,1001,1,0,0,0,0,0,0,0,0,0,0,0,0,0,2249677,-0.7,UNKNOWNLIST,$ACCEPTED,1,0,0,1,1,0
1130310000,"Wed Oct 26 00:00:00 2005","rr.com","65.35.201.158","66.93.133.119",0,0,0,0,0,0,0,0,1,0,0,0,0,0,0,0,0,0,0,0,20398,-5.5,BLACKLIST,$BLOCKED,0,0,0,0,0,0
1130310000,"Wed Oct 26 00:00:00 2005","comcast.net","66.31.173.151","66.93.133.119",0,0,0,0,0,0,1,0,0,0,0,0,0,0,0,0,0,0,0,0,100699,0.0,UNKNOWNLIST,$ACCEPTED,0,0,0,0,0,0
1130310000,"Wed Oct 26 00:00:00 2005","comcast.net","66.41.71.93","66.93.133.119",0,0,0,0,0,0,1,0,0,0,0,0,0,0,0,0,0,0,0,0,20396,0.0,UNKNOWNLIST,$ACCEPTED,0,0,0,0,0,0
1130310000,"Wed Oct 26 00:00:00 2005","yahoo.com","66.94.237.47","66.93.133.119",1,0,0,0,1,3058,1,0,0,0,0,0,0,0,0,0,0,0,0,0,2000246,1.2,UNKNOWNLIST,$ACCEPTED,1,0,0,1,1,0
1130310000,"Wed Oct 26 00:00:00 2005","yahoo.com","66.94.237.49","66.93.133.119",1,0,0,0,1,2865,1,0,0,0,0,0,0,0,0,0,0,0,0,0,2000246,1.2,UNKNOWNLIST,$ACCEPTED,1,0,0,1,1,0
1130310000,"Wed Oct 26 00:00:00 2005","sdm3.com","66.179.69.16","66.93.133.119",1,0,0,0,1,26733,1,0,0,0,0,0,0,0,0,0,0,0,0,0,2095549,4.1,UNKNOWNLIST,$ACCEPTED,1,0,0,1,1,0
1130310000,"Wed Oct 26 00:00:00 2005","Unknown","66.235.180.20","66.93.133.119",0,0,0,0,0,0,1,0,0,0,0,0,0,0,0,0,0,0,0,0,346237,4.2,UNKNOWNLIST,$ACCEPTED,0,0,0,0,0,0
1130310000,"Wed Oct 26 00:00:00 2005","Unknown","67.14.218.21","66.93.133.119",0,0,0,0,0,0,0,0,1,0,0,0,0,0,0,0,0,0,0,0,2017763,-6.2,BLACKLIST,$BLOCKED,0,0,0,0,0,0
1130310000,"Wed Oct 26 00:00:00 2005","comcast.net","67.174.48.145","66.93.133.119",0,0,0,0,0,0,1,0,0,0,0,0,0,0,0,0,0,0,0,0,100699,-0.7,UNKNOWNLIST,$ACCEPTED,0,0,0,0,0,0
1130310000,"Wed Oct 26 00:00:00 2005","charter.com","68.184.12.163","66.93.133.119",0,0,0,0,0,0,1,0,0,0,0,0,0,0,0,0,0,0,0,0,2994,-0.9,UNKNOWNLIST,$ACCEPTED,0,0,0,0,0,0
1130310000,"Wed Oct 26 00:00:00 2005","netatlantic.com","69.25.193.3","66.93.133.119",1,0,0,0,1,14387,1,0,0,0,0,0,0,0,0,0,0,0,0,0,333246,4.4,UNKNOWNLIST,$ACCEPTED,1,0,0,1,1,0
1130310000,"Wed Oct 26 00:00:00 2005","rr.com","69.133.138.112","66.93.133.119",1,0,0,0,1,3545,1,0,0,0,0,0,0,0,0,0,0,0,0,0,20398,N/A,SUSPECTLIST,$THROTTLED,1,1,0,1,1,0
1130310000,"Wed Oct 26 00:00:00 2005","verizon.net","71.113.235.39","66.93.133.119",0,0,0,0,0,0,0,0,2,0,0,0,0,0,0,0,0,0,0,0,0,-9.8,BLACKLIST,$BLOCKED,0,0,0,0,0,0
1130310000,"Wed Oct 26 00:00:00 2005","ntl.com","81.107.106.239","66.93.133.119",0,0,0,0,0,0,0,0,1,0,0,0,0,0,0,0,0,0,0,0,508299,-9.4,BLACKLIST,$BLOCKED,0,0,0,0,0,0
1130310000,"Wed Oct 26 00:00:00 2005","berkeley.edu","128.32.112.233","66.93.133.119",4,0,0,0,4,32507,4,0,0,0,0,0,0,0,0,0,0,0,0,0,226325,0.7,UNKNOWNLIST,$ACCEPTED,4,4,0,4,4,0
1130310000,"Wed Oct 26 00:00:00 2005","berkeley.edu","128.32.222.25","66.93.133.119",2,0,0,0,2,400350,2,0,0,0,0,0,0,0,0,0,0,0,0,0,226325,5.5,UNKNOWNLIST,$ACCEPTED,1,0,0,2,2,0
1130310000,"Wed Oct 26 00:00:00 2005","cableonline.com.mx","200.79.192.27","66.93.133.119",0,0,0,0,0,0,0,0,2,0,0,0,0,0,0,0,0,0,0,0,1267775,-7.9,BLACKLIST,$BLOCKED,0,0,0,0,0,0
1130310000,"Wed Oct 26 00:00:00 2005","Unknown","201.138.239.170","66.93.133.119",1,0,0,0,1,1060,1,0,0,0,0,0,0,0,0,0,0,0,0,0,0,-3.9,SUSPECTLIST,$THROTTLED,1,1,0,1,1,0
1130310000,"Wed Oct 26 00:00:00 2005","centurytel.net","207.118.8.213","66.93.133.119",0,0,0,0,0,0,0,0,1,0,0,0,0,0,0,0,0,0,0,0,2111257,-9.9,BLACKLIST,$BLOCKED,0,0,0,0,0,0
1130310000,"Wed Oct 26 00:00:00 2005","superb.net","209.160.32.34","66.93.133.119",0,0,0,0,0,0,1,0,0,0,0,0,0,0,0,0,0,0,0,0,0,4.2,UNKNOWNLIST,$ACCEPTED,0,0,0,0,0,0
1130310000,"Wed Oct 26 00:00:00 2005","superb.net","209.160.64.30","66.93.133.119",0,0,0,0,0,0,1,0,0,0,0,0,0,0,0,0,0,0,0,0,0,4.2,UNKNOWNLIST,$ACCEPTED,0,0,0,0,0,0
1130310000,"Wed Oct 26 00:00:00 2005","Unknown","211.113.201.131","66.93.133.119",0,0,0,0,0,0,0,0,1,0,0,0,0,0,0,0,0,0,0,0,2193544,-9.0,BLACKLIST,$BLOCKED,0,0,0,0,0,0
1130310000,"Wed Oct 26 00:00:00 2005","Unknown","211.204.252.51","66.93.133.119",0,0,0,0,0,0,0,0,1,0,0,0,0,0,0,0,0,0,0,0,799317,-9.4,BLACKLIST,$BLOCKED,0,0,0,0,0,0
1130310000,"Wed Oct 26 00:00:00 2005","Unknown","216.7.248.254","66.93.133.119",1,0,0,0,1,1124,1,0,0,0,0,0,0,0,0,0,0,0,0,0,542189,-0.4,UNKNOWNLIST,$ACCEPTED,1,1,0,1,1,0
1130310000,"Wed Oct 26 00:00:00 2005","yp121.com","216.15.201.13","66.93.133.119",1,0,0,0,1,31933,1,0,0,0,0,0,0,0,0,0,0,0,0,0,1013339,4.1,UNKNOWNLIST,$ACCEPTED,1,0,0,1,1,0
1130310000,"Wed Oct 26 00:00:00 2005","vline.pl","217.76.116.50","66.93.133.119",2,0,0,0,2,1177,2,0,0,0,0,0,0,0,0,0,0,0,0,0,1934401,-1.1,SUSPECTLIST,$THROTTLED,2,2,0,2,2,0
1130310000,"Wed Oct 26 00:00:00 2005","Unknown","219.134.136.58","66.93.133.119",1,0,0,0,1,901,1,0,0,0,0,0,0,0,0,0,0,0,0,0,35558,0.4,UNKNOWNLIST,$ACCEPTED,1,1,0,1,1,0
1130310000,"Wed Oct 26 00:00:00 2005","Unknown","220.92.146.33","66.93.133.119",1,0,0,0,1,1222,1,0,0,0,0,0,0,0,0,0,0,0,0,0,29471,-3.6,SUSPECTLIST,$THROTTLED,1,1,0,1,1,0
1130310000,"Wed Oct 26 00:00:00 2005","infoweb.ne.jp","220.146.172.65","66.93.133.119",0,0,0,0,0,0,0,0,2,0,0,0,0,0,0,0,0,0,0,0,1657633,-6.3,BLACKLIST,$BLOCKED,0,0,0,0,0,0
1130310000,"Wed Oct 26 00:00:00 2005","Unknown","220.165.194.101","66.93.133.119",2,0,0,0,2,1021,2,0,0,0,0,0,0,0,0,0,0,0,0,0,35376,0.0,UNKNOWNLIST,$ACCEPTED,2,2,0,2,2,0
1130310000,"Wed Oct 26 00:00:00 2005","Unknown","221.143.163.112","66.93.133.119",0,0,0,0,0,0,0,0,1,0,0,0,0,0,0,0,0,0,0,0,799317,-7.1,BLACKLIST,$BLOCKED,0,0,0,0,0,0
1130396400,"Thu Oct 27 00:00:00 2005","TOTAL","","66.93.133.119",154,0,0,0,148,3741897,170,3,108,0,0,156,101,151,3875681,237,0,0,0,0,35379,-7.2,BLACKLIST,$BLOCKED,149,101,0,153,153,0
1130396400,"Thu Oct 27 00:00:00 2005","mchsi.com","12.205.170.76","66.93.133.119",1,0,0,0,1,1194,1,0,0,0,0,0,0,0,0,0,0,0,0,0,8256,-3.3,SUSPECTLIST,$THROTTLED,1,1,0,1,1,0
1130396400,"Thu Oct 27 00:00:00 2005","adelphia.net","24.49.55.179","66.93.133.119",0,0,0,0,0,0,0,0,1,0,0,0,0,0,0,0,0,0,0,0,177742,-9.4,BLACKLIST,$BLOCKED,0,0,0,0,0,0
1130396400,"Thu Oct 27 00:00:00 2005","comcast.net","24.62.2.238","66.93.133.119",0,0,0,0,0,0,1,0,0,0,0,0,0,0,0,0,0,0,0,0,20543,-0.7,UNKNOWNLIST,$ACCEPTED,0,0,0,0,0,0
1130396400,"Thu Oct 27 00:00:00 2005","mindspring.com","24.110.126.234","66.93.133.119",0,0,0,0,0,0,0,0,1,0,0,0,0,0,0,0,0,0,0,0,2175011,-5.9,BLACKLIST,$BLOCKED,0,0,0,0,0,0
1130396400,"Thu Oct 27 00:00:00 2005","charter.com","24.171.123.204","66.93.133.119",0,0,0,0,0,0,0,0,3,0,0,0,0,0,0,0,0,0,0,0,2994,-7.4,BLACKLIST,$BLOCKED,0,0,0,0,0,0
1130396400,"Thu Oct 27 00:00:00 2005","rr.com","24.195.232.9","66.93.133.119",0,0,0,0,0,0,0,0,1,0,0,0,0,0,0,0,0,0,0,0,20398,-6.3,BLACKLIST,$BLOCKED,0,0,0,0,0,0
1130396400,"Thu Oct 27 00:00:00 2005","charter.com","24.205.38.236","66.93.133.119",0,0,0,0,0,0,0,0,1,0,0,0,0,0,0,0,0,0,0,0,2994,-9.9,BLACKLIST,$BLOCKED,0,0,0,0,0,0
1130396400,"Thu Oct 27 00:00:00 2005","rr.com","24.209.61.1","66.93.133.119",0,0,0,0,0,0,0,0,1,0,0,0,0,0,0,0,0,0,0,0,20398,-6.4,BLACKLIST,$BLOCKED,0,0,0,0,0,0
1130396400,"Thu Oct 27 00:00:00 2005","mindspring.com","24.239.138.71","66.93.133.119",0,0,0,0,0,0,0,0,1,0,0,0,0,0,0,0,0,0,0,0,2175011,-8.1,BLACKLIST,$BLOCKED,0,0,0,0,0,0
1130396400,"Thu Oct 27 00:00:00 2005","eonet.ne.jp","58.70.118.70","66.93.133.119",1,0,0,0,1,680,1,0,0,0,0,0,0,0,0,0,0,0,0,0,0,-0.8,UNKNOWNLIST,$ACCEPTED,1,1,0,1,1,0
1130396400,"Thu Oct 27 00:00:00 2005","Unknown","58.77.12.17","66.93.133.119",0,0,0,0,0,0,0,0,1,0,0,0,0,0,0,0,0,0,0,0,0,-4.0,BLACKLIST,$BLOCKED,0,0,0,0,0,0
1130396400,"Thu Oct 27 00:00:00 2005","Unknown","58.140.17.203","66.93.133.119",0,0,0,0,0,0,0,0,1,0,0,0,0,0,0,0,0,0,0,0,0,-9.9,BLACKLIST,$BLOCKED,0,0,0,0,0,0
1130396400,"Thu Oct 27 00:00:00 2005","Unknown","58.143.51.6","66.93.133.119",1,0,0,0,1,570,1,0,0,0,0,0,0,0,0,0,0,0,0,0,0,-3.9,SUSPECTLIST,$THROTTLED,1,1,0,1,1,0
1130396400,"Thu Oct 27 00:00:00 2005","Unknown","60.177.27.77","66.93.133.119",1,0,0,0,1,837,1,0,0,0,0,0,0,0,0,0,0,0,0,0,32031,N/A,SUSPECTLIST,$THROTTLED,1,1,0,1,1,0
1130396400,"Thu Oct 27 00:00:00 2005","Unknown","61.4.194.136","66.93.133.119",0,0,0,0,0,0,0,0,2,0,0,0,0,0,0,0,0,0,0,0,0,-5.1,BLACKLIST,$BLOCKED,0,0,0,0,0,0
1130396400,"Thu Oct 27 00:00:00 2005","Unknown","61.19.43.6","66.93.133.119",2,0,0,0,2,1335,2,0,0,0,0,0,0,0,0,0,0,0,0,0,729839,-2.2,SUSPECTLIST,$THROTTLED,2,2,0,2,2,0
1130396400,"Thu Oct 27 00:00:00 2005","Unknown","61.95.128.226","66.93.133.119",0,0,0,0,0,0,0,0,1,0,0,0,0,0,0,0,0,0,0,0,31769,-4.4,BLACKLIST,$BLOCKED,0,0,0,0,0,0
1130396400,"Thu Oct 27 00:00:00 2005","Unknown","61.194.20.99","66.93.133.119",0,0,0,0,0,0,0,0,1,0,0,0,0,0,0,0,0,0,0,0,1440664,-8.9,BLACKLIST,$BLOCKED,0,0,0,0,0,0
1130396400,"Thu Oct 27 00:00:00 2005","Unknown","61.254.12.112","66.93.133.119",0,0,0,0,0,0,0,0,1,0,0,0,0,0,0,0,0,0,0,0,1639928,-6.6,BLACKLIST,$BLOCKED,0,0,0,0,0,0
1130396400,"Thu Oct 27 00:00:00 2005","forthnet.gr","62.1.135.81","66.93.133.119",2,0,0,0,2,6010,2,0,0,0,0,0,0,0,0,0,0,0,0,0,551307,-3.6,SUSPECTLIST,$THROTTLED,2,2,0,2,2,0
1130396400,"Thu Oct 27 00:00:00 2005","Unknown","62.5.231.2","66.93.133.119",2,0,0,0,2,1304,2,0,0,0,0,0,0,0,0,0,0,0,0,0,44149,-3.9,SUSPECTLIST,$THROTTLED,2,2,0,2,2,0
1130396400,"Thu Oct 27 00:00:00 2005","nuos.com","63.149.233.25","66.93.133.119",1,0,0,0,1,18818,1,0,0,0,0,0,0,0,0,0,0,0,0,0,122462,1.6,UNKNOWNLIST,$ACCEPTED,1,0,0,1,1,0
1130396400,"Thu Oct 27 00:00:00 2005","roving.com","63.251.135.74","66.93.133.119",1,0,0,0,1,11033,1,0,0,0,0,0,0,0,0,0,0,0,0,0,1932511,0.3,UNKNOWNLIST,$ACCEPTED,1,0,0,1,1,0
1130396400,"Thu Oct 27 00:00:00 2005","hotmail.com","64.4.43.80","66.93.133.119",1,0,0,0,1,1443814,1,0,0,0,0,0,0,0,0,0,0,0,0,0,176394,3.3,UNKNOWNLIST,$ACCEPTED,0,0,0,1,1,0
1130396400,"Thu Oct 27 00:00:00 2005","hotmail.com","64.4.53.64","66.93.133.119",1,0,0,0,1,2969,1,0,0,0,0,0,0,0,0,0,0,0,0,0,176394,3.3,UNKNOWNLIST,$ACCEPTED,1,0,0,1,1,0
1130396400,"Thu Oct 27 00:00:00 2005","hotmail.com","64.4.61.34","66.93.133.119",1,0,0,0,1,1242156,1,0,0,0,0,0,0,0,0,0,0,0,0,0,176394,6.4,WHITELIST,$TRUSTED,0,0,0,1,1,0
1130396400,"Thu Oct 27 00:00:00 2005","ed10.net","64.14.86.196","66.93.133.119",1,0,0,0,1,49892,1,0,0,0,0,0,0,0,0,0,0,0,0,0,2126965,5.2,UNKNOWNLIST,$ACCEPTED,1,0,0,1,1,0
1130396400,"Thu Oct 27 00:00:00 2005","dm-4.com","64.40.98.55","66.93.133.119",1,0,0,0,1,9526,1,0,0,0,0,0,0,0,0,0,0,0,0,0,2100489,4.2,UNKNOWNLIST,$ACCEPTED,1,0,0,1,1,0
1130396400,"Thu Oct 27 00:00:00 2005","lyris.net","64.62.197.38","66.93.133.119",1,0,0,0,1,9234,1,0,0,0,0,0,0,0,0,0,0,0,0,0,197244,5.5,UNKNOWNLIST,$ACCEPTED,1,0,0,1,1,0
1130396400,"Thu Oct 27 00:00:00 2005","Unknown","64.71.167.50","66.93.133.119",0,0,0,0,0,0,1,0,0,0,0,0,0,0,0,0,0,0,0,0,197244,0.0,UNKNOWNLIST,$ACCEPTED,0,0,0,0,0,0
1130396400,"Thu Oct 27 00:00:00 2005","linkedin.com","64.74.220.84","66.93.133.119",1,0,0,0,1,7823,1,0,0,0,0,0,0,0,0,0,0,0,0,0,992,3.8,UNKNOWNLIST,$ACCEPTED,1,0,0,1,1,0
1130396400,"Thu Oct 27 00:00:00 2005","Unknown","64.81.55.119","66.93.133.119",18,0,0,0,18,234525,19,1,13,0,0,177,122,172,4199489,277,0,0,0,0,2038563,-5.5,BLACKLIST,$BLOCKED,18,13,0,18,18,0
1130396400,"Thu Oct 27 00:00:00 2005","moveon.org","64.124.204.39","66.93.133.119",1,0,0,0,1,15447,1,0,0,0,0,0,0,0,0,0,0,0,0,0,217816,5.2,UNKNOWNLIST,$ACCEPTED,1,0,0,1,1,0
1130396400,"Thu Oct 27 00:00:00 2005","gmail.com","64.233.162.195","66.93.133.119",1,0,0,0,1,1108,1,0,0,0,0,0,0,0,0,0,0,0,0,0,188995,4.4,UNKNOWNLIST,$ACCEPTED,1,0,0,1,1,0
1130396400,"Thu Oct 27 00:00:00 2005","turner.com","64.236.25.102","66.93.133.119",1,0,0,0,1,23210,1,0,0,0,0,0,0,0,0,0,0,0,0,0,178201,6.4,WHITELIST,$TRUSTED,0,0,0,1,1,0
1130396400,"Thu Oct 27 00:00:00 2005","cnn.com","64.236.25.106","66.93.133.119",1,0,0,0,1,2312,1,0,0,0,0,0,0,0,0,0,0,0,0,0,178201,5.0,UNKNOWNLIST,$ACCEPTED,1,0,0,1,1,0
1130396400,"Thu Oct 27 00:00:00 2005","geminimobile.com","65.19.134.246","66.93.133.119",1,0,0,0,1,3770,1,0,0,0,0,0,0,0,0,0,0,0,0,0,197244,4.2,UNKNOWNLIST,$ACCEPTED,1,0,0,1,1,0
1130396400,"Thu Oct 27 00:00:00 2005","rr.com","65.24.202.122","66.93.133.119",0,0,0,0,0,0,1,0,0,0,0,0,0,0,0,0,0,0,0,0,20398,-0.9,UNKNOWNLIST,$ACCEPTED,0,0,0,0,0,0
1130396400,"Thu Oct 27 00:00:00 2005","rr.com","65.33.251.119","66.93.133.119",0,0,0,0,0,0,0,0,1,0,0,0,0,0,0,0,0,0,0,0,20398,-9.9,BLACKLIST,$BLOCKED,0,0,0,0,0,0
1130396400,"Thu Oct 27 00:00:00 2005","hotmail.com","65.54.174.11","66.93.133.119",1,0,0,0,1,2105,1,0,0,0,0,0,0,0,0,0,0,0,0,0,123278,4.1,UNKNOWNLIST,$ACCEPTED,1,0,0,1,1,0
1130396400,"Thu Oct 27 00:00:00 2005","biltmorecommunications.net","65.182.51.67","66.93.133.119",0,0,0,0,0,0,0,0,1,0,0,0,0,0,0,0,0,0,0,0,0,-5.3,BLACKLIST,$BLOCKED,0,0,0,0,0,0
1130396400,"Thu Oct 27 00:00:00 2005","Unknown","65.188.246.173","66.93.133.119",2,0,0,0,2,1402,2,0,0,0,0,0,0,0,0,0,0,0,0,0,186070,-2.8,SUSPECTLIST,$THROTTLED,2,2,0,2,2,0
1130396400,"Thu Oct 27 00:00:00 2005","rr.com","65.190.204.62","66.93.133.119",0,0,0,0,0,0,0,0,1,0,0,0,0,0,0,0,0,0,0,0,186070,-8.5,BLACKLIST,$BLOCKED,0,0,0,0,0,0
1130396400,"Thu Oct 27 00:00:00 2005","algx.net","66.3.137.191","66.93.133.119",2,0,0,0,2,1016,2,0,0,0,0,0,0,0,0,0,0,0,0,0,2026848,-0.7,UNKNOWNLIST,$ACCEPTED,2,2,0,2,2,0
1130396400,"Thu Oct 27 00:00:00 2005","rr.com","66.25.205.148","66.93.133.119",1,0,0,0,1,1109,1,0,0,0,0,0,0,0,0,0,0,0,0,0,20398,-0.7,UNKNOWNLIST,$ACCEPTED,1,1,0,1,1,0
1130396400,"Thu Oct 27 00:00:00 2005","comcast.net","66.41.51.219","66.93.133.119",0,0,0,0,0,0,0,0,1,0,0,0,0,0,0,0,0,0,0,0,20396,-5.5,BLACKLIST,$BLOCKED,0,0,0,0,0,0
1130396400,"Thu Oct 27 00:00:00 2005","Unknown","66.44.184.42","66.93.133.119",1,0,0,0,1,747,1,0,0,0,0,0,0,0,0,0,0,0,0,0,347223,N/A,SUSPECTLIST,$THROTTLED,1,1,0,1,1,0
1130396400,"Thu Oct 27 00:00:00 2005","banddly.com","66.59.94.13","66.93.133.119",2,0,0,0,2,14639,2,0,0,0,0,0,0,0,0,0,0,0,0,0,14351,-3.4,SUSPECTLIST,$THROTTLED,2,2,0,2,2,0
1130396400,"Thu Oct 27 00:00:00 2005","banddly.com","66.59.94.14","66.93.133.119",0,0,0,0,0,0,0,0,1,0,0,0,0,0,0,0,0,0,0,0,14351,-4.0,BLACKLIST,$BLOCKED,0,0,0,0,0,0
1130396400,"Thu Oct 27 00:00:00 2005","mktplace-mail.com","66.59.94.17","66.93.133.119",0,0,0,0,0,0,0,0,2,0,0,0,0,0,0,0,0,0,0,0,14351,-4.0,BLACKLIST,$BLOCKED,0,0,0,0,0,0
1130396400,"Thu Oct 27 00:00:00 2005","Unknown","66.59.94.21","66.93.133.119",1,0,0,0,1,4271,1,0,0,0,0,0,0,0,0,0,0,0,0,0,14351,-2.7,SUSPECTLIST,$THROTTLED,1,1,0,1,1,0
1130396400,"Thu Oct 27 00:00:00 2005","premprods.com","66.59.94.22","66.93.133.119",0,0,0,0,0,0,0,0,2,0,0,0,0,0,0,0,0,0,0,0,14351,-4.0,BLACKLIST,$BLOCKED,0,0,0,0,0,0
1130396400,"Thu Oct 27 00:00:00 2005","ziprealty.com","66.77.108.22","66.93.133.119",1,0,0,0,1,3573,1,0,0,0,0,0,0,0,0,0,0,0,0,0,2253392,3.4,UNKNOWNLIST,$ACCEPTED,1,0,0,1,1,0
1130396400,"Thu Oct 27 00:00:00 2005","ziprealty.com","66.77.108.70","66.93.133.119",1,0,0,0,1,10314,1,0,0,0,0,0,0,0,0,0,0,0,0,0,2253392,5.5,UNKNOWNLIST,$ACCEPTED,1,0,0,1,1,0
1130396400,"Thu Oct 27 00:00:00 2005","singletrack.org","66.93.133.119","66.93.133.119",2,0,0,0,2,2752,2,0,0,0,0,0,0,0,0,0,0,0,0,0,357937,N/A,SUSPECTLIST,$THROTTLED,2,0,0,2,2,0
1130396400,"Thu Oct 27 00:00:00 2005","yahoo.com","66.94.237.16","66.93.133.119",1,0,0,0,1,7698,1,0,0,0,0,0,0,0,0,0,0,0,0,0,2000246,1.2,UNKNOWNLIST,$ACCEPTED,1,0,0,1,1,0
1130396400,"Thu Oct 27 00:00:00 2005","yahoo.com","66.94.237.36","66.93.133.119",1,0,0,0,1,6172,1,0,0,0,0,0,0,0,0,0,0,0,0,0,2000246,2.3,UNKNOWNLIST,$ACCEPTED,1,0,0,1,1,0
1130396400,"Thu Oct 27 00:00:00 2005","yahoo.com","66.94.237.40","66.93.133.119",1,0,0,0,1,6675,1,0,0,0,0,0,0,0,0,0,0,0,0,0,2000246,1.2,UNKNOWNLIST,$ACCEPTED,1,0,0,1,1,0
1130396400,"Thu Oct 27 00:00:00 2005","yahoo.com","66.94.237.47","66.93.133.119",1,0,0,0,1,15777,1,0,0,0,0,0,0,0,0,0,0,0,0,0,2000246,1.2,UNKNOWNLIST,$ACCEPTED,1,0,0,1,1,0
1130396400,"Thu Oct 27 00:00:00 2005","yahoo.com","66.94.237.52","66.93.133.119",1,0,0,0,1,4525,1,0,0,0,0,0,0,0,0,0,0,0,0,0,2000246,1.2,UNKNOWNLIST,$ACCEPTED,1,0,0,1,1,0
1130396400,"Thu Oct 27 00:00:00 2005","emailebay.com","66.135.215.249","66.93.133.119",1,0,0,0,1,15979,1,0,0,0,0,0,0,0,0,0,0,0,0,0,1814741,6.9,WHITELIST,$TRUSTED,0,0,0,1,1,0
1130396400,"Thu Oct 27 00:00:00 2005","superb.net","66.148.71.105","66.93.133.119",0,0,0,0,0,0,1,0,0,0,0,0,0,0,0,0,0,0,0,0,346237,4.2,UNKNOWNLIST,$ACCEPTED,0,0,0,0,0,0
1130396400,"Thu Oct 27 00:00:00 2005","Unknown","66.148.71.117","66.93.133.119",0,0,0,0,0,0,1,0,0,0,0,0,0,0,0,0,0,0,0,0,346237,0.3,UNKNOWNLIST,$ACCEPTED,0,0,0,0,0,0
1130396400,"Thu Oct 27 00:00:00 2005","superb.net","66.148.74.141","66.93.133.119",0,0,0,0,0,0,1,0,0,0,0,0,0,0,0,0,0,0,0,0,346237,0.3,UNKNOWNLIST,$ACCEPTED,0,0,0,0,0,0
1130396400,"Thu Oct 27 00:00:00 2005","charter.com","66.191.159.97","66.93.133.119",0,0,0,0,0,0,0,0,1,0,0,0,0,0,0,0,0,0,0,0,2994,-9.9,BLACKLIST,$BLOCKED,0,0,0,0,0,0
1130396400,"Thu Oct 27 00:00:00 2005","Unknown","66.235.180.195","66.93.133.119",0,0,0,0,0,0,1,0,0,0,0,0,0,0,0,0,0,0,0,0,346237,0.0,UNKNOWNLIST,$ACCEPTED,0,0,0,0,0,0
1130396400,"Thu Oct 27 00:00:00 2005","bellsouth.net","67.32.185.19","66.93.133.119",0,0,0,0,0,0,0,0,1,0,0,0,0,0,0,0,0,0,0,0,2249677,-5.2,BLACKLIST,$BLOCKED,0,0,0,0,0,0
1130396400,"Thu Oct 27 00:00:00 2005","comcast.net","67.167.9.23","66.93.133.119",0,0,0,0,0,0,0,0,1,0,0,0,0,0,0,0,0,0,0,0,100699,-4.4,BLACKLIST,$BLOCKED,0,0,0,0,0,0
1130396400,"Thu Oct 27 00:00:00 2005","comcast.net","67.167.31.253","66.93.133.119",0,0,0,0,0,0,0,0,1,0,0,0,0,0,0,0,0,0,0,0,100699,-7.4,BLACKLIST,$BLOCKED,0,0,0,0,0,0
1130396400,"Thu Oct 27 00:00:00 2005","comcast.net","67.169.123.155","66.93.133.119",0,0,0,0,0,0,0,0,1,0,0,0,0,0,0,0,0,0,0,0,100699,-6.4,BLACKLIST,$BLOCKED,0,0,0,0,0,0
1130396400,"Thu Oct 27 00:00:00 2005","comcast.net","67.174.93.67","66.93.133.119",0,0,0,0,0,0,0,0,1,0,0,0,0,0,0,0,0,0,0,0,100699,-7.4,BLACKLIST,$BLOCKED,0,0,0,0,0,0
1130396400,"Thu Oct 27 00:00:00 2005","comcast.net","67.174.184.125","66.93.133.119",0,0,0,0,0,0,1,0,0,0,0,0,0,0,0,0,0,0,0,0,100699,-0.9,UNKNOWNLIST,$ACCEPTED,0,0,0,0,0,0
1130396400,"Thu Oct 27 00:00:00 2005","comcast.net","67.177.172.112","66.93.133.119",0,0,0,0,0,0,0,0,1,0,0,0,0,0,0,0,0,0,0,0,100699,-5.8,BLACKLIST,$BLOCKED,0,0,0,0,0,0
1130396400,"Thu Oct 27 00:00:00 2005","comcast.net","68.40.155.152","66.93.133.119",0,0,0,0,0,0,0,0,1,0,0,0,0,0,0,0,0,0,0,0,100699,-7.9,BLACKLIST,$BLOCKED,0,0,0,0,0,0
1130396400,"Thu Oct 27 00:00:00 2005","comcast.net","68.44.70.93","66.93.133.119",0,0,0,0,0,0,1,0,0,0,0,0,0,0,0,0,0,0,0,0,100699,-0.9,UNKNOWNLIST,$ACCEPTED,0,0,0,0,0,0
1130396400,"Thu Oct 27 00:00:00 2005","comcast.net","68.51.242.60","66.93.133.119",0,0,0,0,0,0,1,0,0,0,0,0,0,0,0,0,0,0,0,0,100699,-0.7,UNKNOWNLIST,$ACCEPTED,0,0,0,0,0,0
1130396400,"Thu Oct 27 00:00:00 2005","comcast.net","68.80.183.125","66.93.133.119",0,0,0,0,0,0,0,0,1,0,0,0,0,0,0,0,0,0,0,0,100699,-5.1,BLACKLIST,$BLOCKED,0,0,0,0,0,0
1130396400,"Thu Oct 27 00:00:00 2005","verizon.net","68.160.17.68","66.93.133.119",1,0,0,0,1,1341,1,0,0,0,0,0,0,0,0,0,0,0,0,0,272046,-0.7,UNKNOWNLIST,$ACCEPTED,1,1,0,1,1,0
1130396400,"Thu Oct 27 00:00:00 2005","covad.net","68.164.253.38","66.93.133.119",0,0,0,0,0,0,0,0,1,0,0,0,0,0,0,0,0,0,0,0,336257,-9.9,BLACKLIST,$BLOCKED,0,0,0,0,0,0
1130396400,"Thu Oct 27 00:00:00 2005","rr.com","68.174.118.90","66.93.133.119",0,0,0,0,0,0,1,0,0,0,0,0,0,0,0,0,0,0,0,0,20886,N/A,SUSPECTLIST,$THROTTLED,0,0,0,0,0,0
1130396400,"Thu Oct 27 00:00:00 2005","charter.com","68.189.37.175","66.93.133.119",0,0,0,0,0,0,1,0,0,0,0,0,0,0,0,0,0,0,0,0,2994,-2.9,SUSPECTLIST,$THROTTLED,0,0,0,0,0,0
1130396400,"Thu Oct 27 00:00:00 2005","Unknown","69.79.169.72","66.93.133.119",0,0,0,0,0,0,0,0,1,0,0,0,0,0,0,0,0,0,0,0,0,-6.8,BLACKLIST,$BLOCKED,0,0,0,0,0,0
1130396400,"Thu Oct 27 00:00:00 2005","adelphia.net","69.162.6.3","66.93.133.119",0,0,0,0,0,0,1,0,0,0,0,0,0,0,0,0,0,0,0,0,177742,-0.7,UNKNOWNLIST,$ACCEPTED,0,0,0,0,0,0
1130396400,"Thu Oct 27 00:00:00 2005","comcast.net","69.250.31.247","66.93.133.119",1,0,0,0,1,1171,1,0,0,0,0,0,0,0,0,0,0,0,0,0,0,-2.8,SUSPECTLIST,$THROTTLED,1,1,0,1,1,0
1130396400,"Thu Oct 27 00:00:00 2005","verizon.net","70.21.8.122","66.93.133.119",0,0,0,0,0,0,0,0,2,0,0,0,0,0,0,0,0,0,0,0,0,-7.6,BLACKLIST,$BLOCKED,0,0,0,0,0,0
1130396400,"Thu Oct 27 00:00:00 2005","verizon.net","70.108.163.72","66.93.133.119",1,0,0,0,1,1099,1,0,0,0,0,0,0,0,0,0,0,0,0,0,0,-3.7,SUSPECTLIST,$THROTTLED,1,1,0,1,1,0
1130396400,"Thu Oct 27 00:00:00 2005","verizon.net","71.101.222.119","66.93.133.119",0,0,0,0,0,0,0,0,1,0,0,0,0,0,0,0,0,0,0,0,0,-9.9,BLACKLIST,$BLOCKED,0,0,0,0,0,0
1130396400,"Thu Oct 27 00:00:00 2005","verizon.net","71.112.86.103","66.93.133.119",0,0,0,0,0,0,0,0,1,0,0,0,0,0,0,0,0,0,0,0,0,-9.0,BLACKLIST,$BLOCKED,0,0,0,0,0,0
1130396400,"Thu Oct 27 00:00:00 2005","verizon.net","71.113.28.243","66.93.133.119",0,0,0,0,0,0,0,0,1,0,0,0,0,0,0,0,0,0,0,0,0,-6.5,BLACKLIST,$BLOCKED,0,0,0,0,0,0
1130396400,"Thu Oct 27 00:00:00 2005","rocketcolo.net","72.21.10.178","66.93.133.119",0,0,0,0,0,0,1,0,0,0,0,0,0,0,0,0,0,0,0,0,0,4.2,UNKNOWNLIST,$ACCEPTED,0,0,0,0,0,0
1130396400,"Thu Oct 27 00:00:00 2005","ntl.com","80.4.63.241","66.93.133.119",1,0,0,0,1,2341,1,1,0,0,0,0,0,0,0,0,0,0,0,0,468805,-0.9,UNKNOWNLIST,$ACCEPTED,1,0,0,1,1,0
1130396400,"Thu Oct 27 00:00:00 2005","Unknown","80.54.154.222","66.93.133.119",0,0,0,0,0,0,0,0,1,0,0,0,0,0,0,0,0,0,0,0,479162,-9.0,BLACKLIST,$BLOCKED,0,0,0,0,0,0
1130396400,"Thu Oct 27 00:00:00 2005","btk.net.pl","80.54.242.21","66.93.133.119",0,0,0,0,0,0,0,0,2,0,0,0,0,0,0,0,0,0,0,0,1211946,-7.2,BLACKLIST,$BLOCKED,0,0,0,0,0,0
1130396400,"Thu Oct 27 00:00:00 2005","tpnet.pl","80.55.158.86","66.93.133.119",2,0,0,0,2,1381,2,0,0,0,0,0,0,0,0,0,0,0,0,0,1166584,-0.5,UNKNOWNLIST,$ACCEPTED,2,2,0,2,2,0
1130396400,"Thu Oct 27 00:00:00 2005","chello.nl","80.57.18.132","66.93.133.119",0,0,0,0,0,0,0,0,1,0,0,0,0,0,0,0,0,0,0,0,918056,-9.2,BLACKLIST,$BLOCKED,0,0,0,0,0,0
1130396400,"Thu Oct 27 00:00:00 2005","t-dialin.net","80.132.101.183","66.93.133.119",2,0,0,0,2,1314,2,0,0,0,0,0,0,0,0,0,0,0,0,0,69677,-0.7,UNKNOWNLIST,$ACCEPTED,2,2,0,2,2,0
1130396400,"Thu Oct 27 00:00:00 2005","retecal.es","81.172.3.178","66.93.133.119",0,0,0,0,0,0,0,0,1,0,0,0,0,0,0,0,0,0,0,0,1934549,-6.3,BLACKLIST,$BLOCKED,0,0,0,0,0,0
1130396400,"Thu Oct 27 00:00:00 2005","Unknown","81.208.164.88","66.93.133.119",1,0,0,0,1,1046,1,1,0,0,0,0,0,0,0,0,0,0,0,0,1187288,N/A,SUSPECTLIST,$THROTTLED,1,0,0,1,1,0
1130396400,"Thu Oct 27 00:00:00 2005","Unknown","81.210.32.162","66.93.133.119",0,0,0,0,0,0,0,0,1,0,0,0,0,0,0,0,0,0,0,0,1299176,-7.9,BLACKLIST,$BLOCKED,0,0,0,0,0,0
1130396400,"Thu Oct 27 00:00:00 2005","futuro.pl","81.219.173.150","66.93.133.119",0,0,0,0,0,0,0,0,2,0,0,0,0,0,0,0,0,0,0,0,88976,-9.6,BLACKLIST,$BLOCKED,0,0,0,0,0,0
1130396400,"Thu Oct 27 00:00:00 2005","blueyonder.co.uk","82.34.64.169","66.93.133.119",1,0,0,0,1,2433,1,0,0,0,0,0,0,0,0,0,0,0,0,0,49204,-0.1,UNKNOWNLIST,$ACCEPTED,1,1,0,1,1,0
1130396400,"Thu Oct 27 00:00:00 2005","interbusiness.it","82.61.184.91","66.93.133.119",0,0,0,0,0,0,0,0,2,0,0,0,0,0,0,0,0,0,0,0,85545,-4.3,BLACKLIST,$BLOCKED,0,0,0,0,0,0
1130396400,"Thu Oct 27 00:00:00 2005","Unknown","82.79.28.125","66.93.133.119",0,0,0,0,0,0,0,0,2,0,0,0,0,0,0,0,0,0,0,0,1413276,-4.3,BLACKLIST,$BLOCKED,0,0,0,0,0,0
1130396400,"Thu Oct 27 00:00:00 2005","bezeqint.net","82.81.99.77","66.93.133.119",2,0,0,0,2,2100,2,0,0,0,0,0,0,0,0,0,0,0,0,0,86392,-3.5,SUSPECTLIST,$THROTTLED,2,2,0,2,2,0
1130396400,"Thu Oct 27 00:00:00 2005","wanadoo.fr","82.127.38.184","66.93.133.119",2,0,0,0,2,2806,2,0,0,0,0,0,0,0,0,0,0,0,0,0,1593658,-3.1,SUSPECTLIST,$THROTTLED,2,2,0,2,2,0
1130396400,"Thu Oct 27 00:00:00 2005","proxad.net","82.236.111.199","66.93.133.119",0,0,0,0,0,0,0,0,1,0,0,0,0,0,0,0,0,0,0,0,920683,-9.9,BLACKLIST,$BLOCKED,0,0,0,0,0,0
1130396400,"Thu Oct 27 00:00:00 2005","proxad.net","82.243.5.81","66.93.133.119",0,0,0,0,0,0,0,0,1,0,0,0,0,0,0,0,0,0,0,0,920683,-8.1,BLACKLIST,$BLOCKED,0,0,0,0,0,0
1130396400,"Thu Oct 27 00:00:00 2005","tpnet.pl","83.17.13.58","66.93.133.119",1,0,0,0,1,2107,1,0,0,0,0,0,0,0,0,0,0,0,0,0,479162,-1.0,SUSPECTLIST,$THROTTLED,1,1,0,1,1,0
1130396400,"Thu Oct 27 00:00:00 2005","tpnet.pl","83.17.37.102","66.93.133.119",2,0,0,0,2,1012,2,0,0,0,0,0,0,0,0,0,0,0,0,0,479162,-2.1,SUSPECTLIST,$THROTTLED,2,2,0,2,2,0
1130396400,"Thu Oct 27 00:00:00 2005","tpnet.pl","83.18.132.46","66.93.133.119",0,0,0,0,0,0,0,0,1,0,0,0,0,0,0,0,0,0,0,0,479162,-6.5,BLACKLIST,$BLOCKED,0,0,0,0,0,0
1130396400,"Thu Oct 27 00:00:00 2005","tpnet.pl","83.22.136.244","66.93.133.119",2,0,0,0,2,1453,2,0,0,0,0,0,0,0,0,0,0,0,0,0,479162,-0.5,UNKNOWNLIST,$ACCEPTED,2,2,0,2,2,0
1130396400,"Thu Oct 27 00:00:00 2005","tpnet.pl","83.25.185.107","66.93.133.119",2,0,0,0,1,1433,1,0,0,0,0,0,0,0,0,0,0,0,0,0,1484301,-0.7,UNKNOWNLIST,$ACCEPTED,1,0,0,1,1,0
1130396400,"Thu Oct 27 00:00:00 2005","tpnet.pl","83.27.218.47","66.93.133.119",2,0,0,0,2,1320,2,0,0,0,0,0,0,0,0,0,0,0,0,0,1484301,-0.7,UNKNOWNLIST,$ACCEPTED,2,2,0,2,2,0
1130396400,"Thu Oct 27 00:00:00 2005","tpnet.pl","83.27.235.92","66.93.133.119",2,0,0,0,2,998,2,0,0,0,0,0,0,0,0,0,0,0,0,0,1484301,-0.7,UNKNOWNLIST,$ACCEPTED,2,2,0,2,2,0
1130396400,"Thu Oct 27 00:00:00 2005","tpnet.pl","83.28.63.243","66.93.133.119",2,0,0,0,2,1292,2,0,0,0,0,0,0,0,0,0,0,0,0,0,1484301,-0.3,UNKNOWNLIST,$ACCEPTED,2,2,0,2,2,0
1130396400,"Thu Oct 27 00:00:00 2005","tpnet.pl","83.28.84.130","66.93.133.119",2,0,0,0,2,1773,2,0,0,0,0,0,0,0,0,0,0,0,0,0,1484301,-0.7,UNKNOWNLIST,$ACCEPTED,2,2,0,2,2,0
1130396400,"Thu Oct 27 00:00:00 2005","tpnet.pl","83.28.124.78","66.93.133.119",2,0,0,0,2,1044,2,0,0,0,0,0,0,0,0,0,0,0,0,0,1484301,-0.7,UNKNOWNLIST,$ACCEPTED,2,2,0,2,2,0
1130396400,"Thu Oct 27 00:00:00 2005","tpnet.pl","83.28.168.47","66.93.133.119",2,0,0,0,2,885,2,0,0,0,0,0,0,0,0,0,0,0,0,0,1484301,-2.1,SUSPECTLIST,$THROTTLED,2,2,0,2,2,0
1130396400,"Thu Oct 27 00:00:00 2005","tpnet.pl","83.29.5.153","66.93.133.119",1,0,0,0,1,556,1,0,0,0,0,0,0,0,0,0,0,0,0,0,1484301,0.7,UNKNOWNLIST,$ACCEPTED,1,1,0,1,1,0
1130396400,"Thu Oct 27 00:00:00 2005","tpnet.pl","83.30.72.254","66.93.133.119",1,0,0,0,1,1085,1,0,0,0,0,0,0,0,0,0,0,0,0,0,1484301,-0.7,UNKNOWNLIST,$ACCEPTED,1,1,0,1,1,0
1130396400,"Thu Oct 27 00:00:00 2005","tpnet.pl","83.31.235.243","66.93.133.119",1,0,0,0,1,5792,1,0,0,0,0,0,0,0,0,0,0,0,0,0,1484301,-0.7,UNKNOWNLIST,$ACCEPTED,1,1,0,1,1,0
1130396400,"Thu Oct 27 00:00:00 2005","rima-tde.net","83.37.131.15","66.93.133.119",0,0,0,0,0,0,0,0,1,0,0,0,0,0,0,0,0,0,0,0,479153,-7.3,BLACKLIST,$BLOCKED,0,0,0,0,0,0
1130396400,"Thu Oct 27 00:00:00 2005","rima-tde.net","83.44.156.90","66.93.133.119",1,0,0,0,1,2807,1,0,0,0,0,0,0,0,0,0,0,0,0,0,479153,-0.7,UNKNOWNLIST,$ACCEPTED,1,0,0,1,1,0
1130396400,"Thu Oct 27 00:00:00 2005","customer.tele.dk","83.90.43.178","66.93.133.119",1,0,0,0,1,968,1,0,0,0,0,0,0,0,0,0,0,0,0,0,1286055,-3.1,SUSPECTLIST,$THROTTLED,1,1,0,1,1,0
1130396400,"Thu Oct 27 00:00:00 2005","Unknown","83.243.88.90","66.93.133.119",0,0,0,0,0,0,0,0,2,0,0,0,0,0,0,0,0,0,0,0,1269609,-7.5,BLACKLIST,$BLOCKED,0,0,0,0,0,0
1130396400,"Thu Oct 27 00:00:00 2005","chello.pl","84.10.76.236","66.93.133.119",1,0,0,0,1,3336,1,0,0,0,0,0,0,0,0,0,0,0,0,0,501903,-3.6,SUSPECTLIST,$THROTTLED,1,1,0,1,1,0
1130396400,"Thu Oct 27 00:00:00 2005","nb.home.nl","84.24.70.35","66.93.133.119",0,0,0,0,0,0,0,0,1,0,0,0,0,0,0,0,0,0,0,0,2242369,-5.9,BLACKLIST,$BLOCKED,0,0,0,0,0,0
1130396400,"Thu Oct 27 00:00:00 2005","arcor-ip.net","84.56.8.133","66.93.133.119",2,0,0,0,2,1459,2,0,0,0,0,0,0,0,0,0,0,0,0,0,501662,0.7,UNKNOWNLIST,$ACCEPTED,2,2,0,2,2,0
1130396400,"Thu Oct 27 00:00:00 2005","gaoland.net","84.102.17.111","66.93.133.119",2,0,0,0,2,1484,2,0,0,0,0,0,0,0,0,0,0,0,0,0,675027,-3.3,SUSPECTLIST,$THROTTLED,2,2,0,2,2,0
1130396400,"Thu Oct 27 00:00:00 2005","ono.com","84.121.52.205","66.93.133.119",0,0,0,0,0,0,0,0,1,0,0,0,0,0,0,0,0,0,0,0,49757,-5.8,BLACKLIST,$BLOCKED,0,0,0,0,0,0
1130396400,"Thu Oct 27 00:00:00 2005","t-dialin.net","84.175.240.122","66.93.133.119",2,0,0,0,2,1555,2,0,0,0,0,0,0,0,0,0,0,0,0,0,69677,-0.7,UNKNOWNLIST,$ACCEPTED,2,2,0,2,2,0
1130396400,"Thu Oct 27 00:00:00 2005","karneval.cz","84.242.95.20","66.93.133.119",0,0,0,0,0,0,0,0,2,0,0,0,0,0,0,0,0,0,0,0,1304207,-4.5,BLACKLIST,$BLOCKED,0,0,0,0,0,0
1130396400,"Thu Oct 27 00:00:00 2005","net148.okay.pl","85.28.148.185","66.93.133.119",0,0,0,0,0,0,0,0,1,0,0,0,0,0,0,0,0,0,0,0,0,-9.9,BLACKLIST,$BLOCKED,0,0,0,0,0,0
1130396400,"Thu Oct 27 00:00:00 2005","Unknown","85.100.99.72","66.93.133.119",1,0,0,0,1,2000,1,0,0,0,0,0,0,0,0,0,0,0,0,0,514078,-1.9,SUSPECTLIST,$THROTTLED,1,1,0,1,1,0
1130396400,"Thu Oct 27 00:00:00 2005","Unknown","85.120.0.226","66.93.133.119",0,0,0,0,0,0,0,0,6,0,0,0,0,0,0,0,0,0,0,0,0,-4.7,BLACKLIST,$BLOCKED,0,0,0,0,0,0
1130396400,"Thu Oct 27 00:00:00 2005","berkeley.edu","128.32.61.106","66.93.133.119",1,0,0,0,1,1739,1,0,0,0,0,0,0,0,0,0,0,0,0,0,226325,2.6,UNKNOWNLIST,$ACCEPTED,1,0,0,1,1,0
1130396400,"Thu Oct 27 00:00:00 2005","berkeley.edu","128.32.112.233","66.93.133.119",10,0,0,0,10,45972,10,0,0,0,0,0,0,0,0,0,0,0,0,0,226325,0.7,UNKNOWNLIST,$ACCEPTED,10,10,0,10,10,0
1130396400,"Thu Oct 27 00:00:00 2005","berkeley.edu","128.32.222.25","66.93.133.119",6,0,0,0,6,389492,6,0,0,0,0,0,0,0,0,0,0,0,0,0,226325,5.5,UNKNOWNLIST,$ACCEPTED,6,0,0,6,6,0
1130396400,"Thu Oct 27 00:00:00 2005","berkeley.edu","128.32.222.29","66.93.133.119",1,0,0,0,1,1106,1,0,0,0,0,0,0,0,0,0,0,0,0,0,226325,4.7,UNKNOWNLIST,$ACCEPTED,1,0,0,1,1,0
1130396400,"Thu Oct 27 00:00:00 2005","verizon.net","141.157.152.94","66.93.133.119",0,0,0,0,0,0,0,0,2,0,0,0,0,0,0,0,0,0,0,0,272046,-5.6,BLACKLIST,$BLOCKED,0,0,0,0,0,0
1130396400,"Thu Oct 27 00:00:00 2005","debian.org","146.82.138.6","66.93.133.119",3,0,0,0,3,23617,3,0,0,0,0,0,0,0,0,0,0,0,0,0,99982,3.5,UNKNOWNLIST,$ACCEPTED,3,0,0,3,3,0
1130396400,"Thu Oct 27 00:00:00 2005","Unknown","147.46.210.47","66.93.133.119",0,0,0,0,0,0,0,0,1,0,0,0,0,0,0,0,0,0,0,0,521961,-8.0,BLACKLIST,$BLOCKED,0,0,0,0,0,0
1130396400,"Thu Oct 27 00:00:00 2005","verizon.net","151.203.247.177","66.93.133.119",1,0,0,0,1,1083,1,1,0,0,0,0,0,0,0,0,0,0,0,0,272046,0.5,UNKNOWNLIST,$ACCEPTED,1,0,0,1,1,0
1130396400,"Thu Oct 27 00:00:00 2005","senate.gov","156.33.203.32","66.93.133.119",1,0,0,0,1,5166,1,0,0,0,0,0,0,0,0,0,0,0,0,0,527529,4.2,UNKNOWNLIST,$ACCEPTED,1,0,0,1,1,0
1130396400,"Thu Oct 27 00:00:00 2005","Unknown","164.77.40.65","66.93.133.119",1,0,0,0,1,714,1,0,0,0,0,0,0,0,0,0,0,0,0,0,101141,2.7,UNKNOWNLIST,$ACCEPTED,1,1,0,1,1,0
1130396400,"Thu Oct 27 00:00:00 2005","davis.ca.us","168.150.193.10","66.93.133.119",1,0,0,0,1,9859,1,0,0,0,0,0,0,0,0,0,0,0,0,0,444813,2.2,UNKNOWNLIST,$ACCEPTED,1,0,0,1,1,0
1130396400,"Thu Oct 27 00:00:00 2005","Unknown","198.64.136.110","66.93.133.119",1,0,0,0,1,3505,1,0,0,0,0,0,0,0,0,0,0,0,0,0,2002891,5.5,UNKNOWNLIST,$ACCEPTED,1,0,0,1,1,0
1130396400,"Thu Oct 27 00:00:00 2005","Unknown","198.68.234.79","66.93.133.119",0,0,0,0,0,0,1,0,0,0,0,0,0,0,0,0,0,0,0,0,125295,0.0,UNKNOWNLIST,$ACCEPTED,0,0,0,0,0,0
1130396400,"Thu Oct 27 00:00:00 2005","Unknown","200.11.242.177","66.93.133.119",0,0,0,0,0,0,0,0,1,0,0,0,0,0,0,0,0,0,0,0,702612,-9.9,BLACKLIST,$BLOCKED,0,0,0,0,0,0
1130396400,"Thu Oct 27 00:00:00 2005","prodigy.net.mx","200.64.160.90","66.93.133.119",1,0,0,0,1,451,1,0,0,0,0,0,0,0,0,0,0,0,0,0,522458,-3.0,SUSPECTLIST,$THROTTLED,1,1,0,1,1,0
1130396400,"Thu Oct 27 00:00:00 2005","Unknown","200.71.55.128","66.93.133.119",0,0,0,0,0,0,0,0,1,0,0,0,0,0,0,0,0,0,0,0,1600097,-7.8,BLACKLIST,$BLOCKED,0,0,0,0,0,0
1130396400,"Thu Oct 27 00:00:00 2005","Unknown","200.87.203.220","66.93.133.119",0,0,0,0,0,0,0,0,1,0,0,0,0,0,0,0,0,0,0,0,1504333,-7.6,BLACKLIST,$BLOCKED,0,0,0,0,0,0
1130396400,"Thu Oct 27 00:00:00 2005","telesp.net.br","200.161.228.17","66.93.133.119",0,0,0,0,0,0,1,0,0,0,0,0,0,0,0,0,0,0,0,0,1306349,-0.7,UNKNOWNLIST,$ACCEPTED,0,0,0,0,0,0
1130396400,"Thu Oct 27 00:00:00 2005","telesp.net.br","200.171.97.121","66.93.133.119",1,0,0,0,1,5310,1,0,0,0,0,0,0,0,0,0,0,0,0,0,1306349,-0.9,UNKNOWNLIST,$ACCEPTED,1,1,0,1,1,0
1130396400,"Thu Oct 27 00:00:00 2005","mhnet.com.br","200.215.57.173","66.93.133.119",2,0,0,0,2,6038,2,0,0,0,0,0,0,0,0,0,0,0,0,0,1393885,-3.4,SUSPECTLIST,$THROTTLED,2,2,0,2,2,0
1130396400,"Thu Oct 27 00:00:00 2005","telesp.net.br","201.13.89.4","66.93.133.119",1,0,0,0,1,22097,1,0,0,0,0,0,0,0,0,0,0,0,0,0,1306349,-3.4,SUSPECTLIST,$THROTTLED,1,1,0,1,1,0
1130396400,"Thu Oct 27 00:00:00 2005","prod-infinitum.com.mx","201.128.94.79","66.93.133.119",0,0,0,0,0,0,0,0,1,0,0,0,0,0,0,0,0,0,0,0,522458,-8.0,BLACKLIST,$BLOCKED,0,0,0,0,0,0
1130396400,"Thu Oct 27 00:00:00 2005","Unknown","201.137.42.61","66.93.133.119",1,0,0,0,1,1274,1,0,0,0,0,0,0,0,0,0,0,0,0,0,0,-3.2,SUSPECTLIST,$THROTTLED,1,1,0,1,1,0
1130396400,"Thu Oct 27 00:00:00 2005","Unknown","201.144.157.128","66.93.133.119",0,0,0,0,0,0,0,0,1,0,0,0,0,0,0,0,0,0,0,0,0,-4.9,BLACKLIST,$BLOCKED,0,0,0,0,0,0
1130396400,"Thu Oct 27 00:00:00 2005","Unknown","201.152.8.216","66.93.133.119",1,0,0,0,1,1395,1,0,0,0,0,0,0,0,0,0,0,0,0,0,0,0.3,UNKNOWNLIST,$ACCEPTED,1,1,0,1,1,0
1130396400,"Thu Oct 27 00:00:00 2005","Unknown","201.230.122.149","66.93.133.119",1,0,0,0,1,14474,1,0,0,0,0,0,0,0,0,0,0,0,0,0,0,N/A,SUSPECTLIST,$THROTTLED,1,1,0,1,1,0
1130396400,"Thu Oct 27 00:00:00 2005","fibertel.com.ar","201.235.137.206","66.93.133.119",0,0,0,0,0,0,0,0,1,0,0,0,0,0,0,0,0,0,0,0,0,-6.9,BLACKLIST,$BLOCKED,0,0,0,0,0,0
1130396400,"Thu Oct 27 00:00:00 2005","Unknown","201.250.230.248","66.93.133.119",0,0,0,0,0,0,0,0,1,0,0,0,0,0,0,0,0,0,0,0,0,-8.6,BLACKLIST,$BLOCKED,0,0,0,0,0,0
1130396400,"Thu Oct 27 00:00:00 2005","Unknown","202.41.232.220","66.93.133.119",0,0,0,0,0,0,0,0,1,0,0,0,0,0,0,0,0,0,0,0,1639829,-9.6,BLACKLIST,$BLOCKED,0,0,0,0,0,0
1130396400,"Thu Oct 27 00:00:00 2005","Unknown","202.102.222.178","66.93.133.119",0,0,0,0,0,0,0,0,1,0,0,0,0,0,0,0,0,0,0,0,724291,-9.9,BLACKLIST,$BLOCKED,0,0,0,0,0,0
1130396400,"Thu Oct 27 00:00:00 2005","hkcable.com.hk","203.168.207.179","66.93.133.119",0,0,0,0,0,0,0,0,2,0,0,0,0,0,0,0,0,0,0,0,24156,-4.6,BLACKLIST,$BLOCKED,0,0,0,0,0,0
1130396400,"Thu Oct 27 00:00:00 2005","Unknown","203.212.238.147","66.93.133.119",2,0,0,0,2,1077,2,0,0,0,0,0,0,0,0,0,0,0,0,0,720206,4.2,UNKNOWNLIST,$ACCEPTED,2,2,0,2,2,0
1130396400,"Thu Oct 27 00:00:00 2005","srcaccess.net","204.117.52.33","66.93.133.119",1,0,0,0,1,506,1,0,0,0,0,0,0,0,0,0,0,0,0,0,125686,-1.9,SUSPECTLIST,$THROTTLED,1,1,0,1,1,0
1130396400,"Thu Oct 27 00:00:00 2005","ptd.net","204.186.170.253","66.93.133.119",0,0,0,0,0,0,1,0,0,0,0,0,0,0,0,0,0,0,0,0,2098192,-0.4,UNKNOWNLIST,$ACCEPTED,0,0,0,0,0,0
1130396400,"Thu Oct 27 00:00:00 2005","Unknown","206.173.4.179","66.93.133.119",0,0,0,0,0,0,0,0,1,0,0,0,0,0,0,0,0,0,0,0,1968954,-9.5,BLACKLIST,$BLOCKED,0,0,0,0,0,0
1130396400,"Thu Oct 27 00:00:00 2005","wshome.com","207.13.196.129","66.93.133.119",1,0,0,0,1,11620,1,0,0,0,0,0,0,0,0,0,0,0,0,0,229521,2.3,UNKNOWNLIST,$ACCEPTED,1,0,0,1,1,0
1130396400,"Thu Oct 27 00:00:00 2005","Unknown","207.112.196.101","66.93.133.119",0,0,0,0,0,0,0,0,1,0,0,0,0,0,0,0,0,0,0,0,685669,-9.2,BLACKLIST,$BLOCKED,0,0,0,0,0,0
1130396400,"Thu Oct 27 00:00:00 2005","amazon.com","207.171.165.134","66.93.133.119",1,0,0,0,1,14957,1,0,0,0,0,0,0,0,0,0,0,0,0,0,9484,3.8,UNKNOWNLIST,$ACCEPTED,1,0,0,1,1,0
1130396400,"Thu Oct 27 00:00:00 2005","elabs3.com","208.48.87.53","66.93.133.119",1,0,0,0,1,65228,1,0,0,0,0,0,0,0,0,0,0,0,0,0,2126965,3.8,UNKNOWNLIST,$ACCEPTED,1,0,0,1,1,0
1130396400,"Thu Oct 27 00:00:00 2005","space.com","209.73.219.173","66.93.133.119",1,0,0,0,1,25896,1,0,0,0,0,0,0,0,0,0,0,0,0,0,97678,-1.5,SUSPECTLIST,$THROTTLED,1,0,0,1,1,0
1130396400,"Thu Oct 27 00:00:00 2005","tmcs.net","209.104.63.182","66.93.133.119",1,0,0,0,1,36023,1,0,0,0,0,0,0,0,0,0,0,0,0,0,2220843,4.1,UNKNOWNLIST,$ACCEPTED,1,0,0,1,1,0
1130396400,"Thu Oct 27 00:00:00 2005","superb.net","209.160.32.29","66.93.133.119",0,0,0,0,0,0,1,0,0,0,0,0,0,0,0,0,0,0,0,0,0,0.0,UNKNOWNLIST,$ACCEPTED,0,0,0,0,0,0
1130396400,"Thu Oct 27 00:00:00 2005","superb.net","209.160.32.43","66.93.133.119",0,0,0,0,0,0,1,0,0,0,0,0,0,0,0,0,0,0,0,0,0,4.2,UNKNOWNLIST,$ACCEPTED,0,0,0,0,0,0
1130396400,"Thu Oct 27 00:00:00 2005","superb.net","209.160.64.40","66.93.133.119",0,0,0,0,0,0,1,0,0,0,0,0,0,0,0,0,0,0,0,0,0,4.2,UNKNOWNLIST,$ACCEPTED,0,0,0,0,0,0
1130396400,"Thu Oct 27 00:00:00 2005","superb.net","209.160.72.32","66.93.133.119",0,0,0,0,0,0,1,0,0,0,0,0,0,0,0,0,0,0,0,0,0,4.2,UNKNOWNLIST,$ACCEPTED,0,0,0,0,0,0
1130396400,"Thu Oct 27 00:00:00 2005","innetix.com","209.172.107.243","66.93.133.119",0,0,0,0,0,0,0,0,1,0,0,0,0,0,0,0,0,0,0,0,2038563,-5.5,BLACKLIST,$BLOCKED,0,0,0,0,0,0
1130396400,"Thu Oct 27 00:00:00 2005","Unknown","209.190.16.18","66.93.133.119",0,0,0,0,0,0,1,0,0,0,0,0,0,0,0,0,0,0,0,0,2131276,N/A,SUSPECTLIST,$THROTTLED,0,0,0,0,0,0
1130396400,"Thu Oct 27 00:00:00 2005","Unknown","210.110.179.193","66.93.133.119",0,0,0,0,0,0,0,0,1,0,0,0,0,0,0,0,0,0,0,0,1616689,-4.1,BLACKLIST,$BLOCKED,0,0,0,0,0,0
1130396400,"Thu Oct 27 00:00:00 2005","Unknown","210.221.106.220","66.93.133.119",1,0,0,0,1,478,1,0,0,0,0,0,0,0,0,0,0,0,0,0,1639928,-2.0,SUSPECTLIST,$THROTTLED,1,1,0,1,1,0
1130396400,"Thu Oct 27 00:00:00 2005","Unknown","211.117.196.139","66.93.133.119",1,0,0,0,1,1759,1,0,0,0,0,0,0,0,0,0,0,0,0,0,799317,0.4,UNKNOWNLIST,$ACCEPTED,1,1,0,1,1,0
1130396400,"Thu Oct 27 00:00:00 2005","zaq.ne.jp","211.135.79.120","66.93.133.119",1,0,0,0,1,809,1,0,0,0,0,0,0,0,0,0,0,0,0,0,1392757,N/A,SUSPECTLIST,$THROTTLED,1,0,0,1,1,0
1130396400,"Thu Oct 27 00:00:00 2005","Unknown","211.192.248.24","66.93.133.119",0,0,0,0,0,0,0,0,1,0,0,0,0,0,0,0,0,0,0,0,1645900,-4.3,BLACKLIST,$BLOCKED,0,0,0,0,0,0
1130396400,"Thu Oct 27 00:00:00 2005","Unknown","211.223.180.95","66.93.133.119",0,0,0,0,0,0,0,0,1,0,0,0,0,0,0,0,0,0,0,0,29471,-5.6,BLACKLIST,$BLOCKED,0,0,0,0,0,0
1130396400,"Thu Oct 27 00:00:00 2005","Unknown","213.13.246.96","66.93.133.119",1,0,0,0,1,1044,1,0,0,0,0,0,0,0,0,0,0,0,0,0,580794,-0.1,UNKNOWNLIST,$ACCEPTED,1,1,0,1,1,0
1130396400,"Thu Oct 27 00:00:00 2005","clnet.cz","213.180.35.254","66.93.133.119",0,0,0,0,0,0,0,0,1,0,0,0,0,0,0,0,0,0,0,0,49676,-8.7,BLACKLIST,$BLOCKED,0,0,0,0,0,0
1130396400,"Thu Oct 27 00:00:00 2005","drugstore.com","216.32.6.89","66.93.133.119",1,0,0,0,1,3139,1,0,0,0,0,0,0,0,0,0,0,0,0,0,2126965,1.6,UNKNOWNLIST,$ACCEPTED,1,0,0,1,1,0
1130396400,"Thu Oct 27 00:00:00 2005","mobilestorm.com","216.32.80.83","66.93.133.119",1,0,0,0,1,5599,1,0,0,0,0,0,0,0,0,0,0,0,0,0,2126965,-0.1,UNKNOWNLIST,$ACCEPTED,1,0,0,1,1,0
1130396400,"Thu Oct 27 00:00:00 2005","Unknown","218.14.124.251","66.93.133.119",0,0,0,0,0,0,0,0,1,0,0,0,0,0,0,0,0,0,0,0,35558,-4.1,BLACKLIST,$BLOCKED,0,0,0,0,0,0
1130396400,"Thu Oct 27 00:00:00 2005","Unknown","218.28.52.38","66.93.133.119",0,0,0,0,0,0,0,0,1,0,0,0,0,0,0,0,0,0,0,0,1144832,-9.9,BLACKLIST,$BLOCKED,0,0,0,0,0,0
1130396400,"Thu Oct 27 00:00:00 2005","Unknown","218.62.84.182","66.93.133.119",0,0,0,0,0,0,0,0,1,0,0,0,0,0,0,0,0,0,0,0,1210329,-9.9,BLACKLIST,$BLOCKED,0,0,0,0,0,0
1130396400,"Thu Oct 27 00:00:00 2005","Unknown","218.63.95.111","66.93.133.119",0,0,0,0,0,0,0,0,1,0,0,0,0,0,0,0,0,0,0,0,35376,-4.3,BLACKLIST,$BLOCKED,0,0,0,0,0,0
1130396400,"Thu Oct 27 00:00:00 2005","Unknown","218.63.160.130","66.93.133.119",0,0,0,0,0,0,0,0,1,0,0,0,0,0,0,0,0,0,0,0,35376,-9.9,BLACKLIST,$BLOCKED,0,0,0,0,0,0
1130396400,"Thu Oct 27 00:00:00 2005","Unknown","218.80.148.215","66.93.133.119",1,0,0,0,1,14475,1,0,0,0,0,0,0,0,0,0,0,0,0,0,31929,-0.8,UNKNOWNLIST,$ACCEPTED,1,1,0,1,1,0
1130396400,"Thu Oct 27 00:00:00 2005","Unknown","218.94.8.86","66.93.133.119",0,0,0,0,0,0,0,0,1,0,0,0,0,0,0,0,0,0,0,0,32361,-9.9,BLACKLIST,$BLOCKED,0,0,0,0,0,0
1130396400,"Thu Oct 27 00:00:00 2005","Unknown","218.98.10.109","66.93.133.119",0,0,0,0,0,0,0,0,1,0,0,0,0,0,0,0,0,0,0,0,1118223,-7.1,BLACKLIST,$BLOCKED,0,0,0,0,0,0
1130396400,"Thu Oct 27 00:00:00 2005","Unknown","218.197.42.101","66.93.133.119",1,0,0,0,1,1184,1,0,0,0,0,0,0,0,0,0,0,0,0,0,1120717,-3.7,SUSPECTLIST,$THROTTLED,1,1,0,1,1,0
1130396400,"Thu Oct 27 00:00:00 2005","Unknown","219.95.11.127","66.93.133.119",1,0,0,0,1,14492,1,0,0,0,0,0,0,0,0,0,0,0,0,0,1121641,-3.9,SUSPECTLIST,$THROTTLED,1,1,0,1,1,0
1130396400,"Thu Oct 27 00:00:00 2005","Unknown","219.148.140.226","66.93.133.119",0,0,0,0,0,0,0,0,1,0,0,0,0,0,0,0,0,0,0,0,1962168,-9.9,BLACKLIST,$BLOCKED,0,0,0,0,0,0
1130396400,"Thu Oct 27 00:00:00 2005","bbtec.net","219.179.126.75","66.93.133.119",0,0,0,0,0,0,0,0,1,0,0,0,0,0,0,0,0,0,0,0,1121648,-5.1,BLACKLIST,$BLOCKED,0,0,0,0,0,0
1130396400,"Thu Oct 27 00:00:00 2005","bbtec.net","219.185.176.36","66.93.133.119",1,0,0,0,1,1048,1,0,0,0,0,0,0,0,0,0,0,0,0,0,1121648,-3.7,SUSPECTLIST,$THROTTLED,1,1,0,1,1,0
1130396400,"Thu Oct 27 00:00:00 2005","Unknown","220.83.190.53","66.93.133.119",0,0,0,0,0,0,0,0,1,0,0,0,0,0,0,0,0,0,0,0,29471,-7.6,BLACKLIST,$BLOCKED,0,0,0,0,0,0
1130396400,"Thu Oct 27 00:00:00 2005","Unknown","220.90.75.120","66.93.133.119",0,0,0,0,0,0,0,0,1,0,0,0,0,0,0,0,0,0,0,0,1681154,-6.9,BLACKLIST,$BLOCKED,0,0,0,0,0,0
1130396400,"Thu Oct 27 00:00:00 2005","Unknown","220.124.184.15","66.93.133.119",0,0,0,0,0,0,0,0,1,0,0,0,0,0,0,0,0,0,0,0,29471,-9.9,BLACKLIST,$BLOCKED,0,0,0,0,0,0
1130396400,"Thu Oct 27 00:00:00 2005","Unknown","220.168.102.209","66.93.133.119",2,0,0,0,1,1264,1,0,0,0,0,0,0,0,0,0,0,0,0,0,34969,0.4,UNKNOWNLIST,$ACCEPTED,2,2,0,2,2,0
1130396400,"Thu Oct 27 00:00:00 2005","Unknown","220.170.220.95","66.93.133.119",3,0,0,0,1,197,1,0,0,0,0,0,0,0,0,0,0,0,0,0,34969,0.4,UNKNOWNLIST,$ACCEPTED,3,3,0,3,3,0
1130396400,"Thu Oct 27 00:00:00 2005","Unknown","220.174.51.152","66.93.133.119",1,0,0,0,1,699,1,0,0,0,0,0,0,0,0,0,0,0,0,0,1117854,N/A,SUSPECTLIST,$THROTTLED,1,1,0,1,1,0
1130396400,"Thu Oct 27 00:00:00 2005","Unknown","220.175.183.76","66.93.133.119",0,0,0,0,0,0,0,0,1,0,0,0,0,0,0,0,0,0,0,0,32349,-4.7,BLACKLIST,$BLOCKED,0,0,0,0,0,0
1130396400,"Thu Oct 27 00:00:00 2005","Unknown","220.226.91.59","66.93.133.119",1,0,0,0,1,474,1,0,0,0,0,0,0,0,0,0,0,0,0,0,1121780,N/A,SUSPECTLIST,$THROTTLED,1,1,0,1,1,0
1130396400,"Thu Oct 27 00:00:00 2005","Unknown","221.197.234.223","66.93.133.119",0,0,0,0,0,0,0,0,1,0,0,0,0,0,0,0,0,0,0,0,1145236,-5.9,BLACKLIST,$BLOCKED,0,0,0,0,0,0
1130396400,"Thu Oct 27 00:00:00 2005","dion.ne.jp","222.12.187.7","66.93.133.119",1,0,0,0,1,989,1,0,0,0,0,0,0,0,0,0,0,0,0,0,1961932,N/A,SUSPECTLIST,$THROTTLED,1,1,0,1,1,0
1130396400,"Thu Oct 27 00:00:00 2005","Unknown","222.82.230.166","66.93.133.119",0,0,0,0,0,0,0,0,1,0,0,0,0,0,0,0,0,0,0,0,35378,-9.9,BLACKLIST,$BLOCKED,0,0,0,0,0,0
1130396400,"Thu Oct 27 00:00:00 2005","Unknown","222.115.101.214","66.93.133.119",3,0,0,0,1,1207,1,0,0,0,0,0,0,0,0,0,0,0,0,0,29471,-2.6,SUSPECTLIST,$THROTTLED,3,3,0,3,3,0
1130396400,"Thu Oct 27 00:00:00 2005","Unknown","222.140.168.103","66.93.133.119",0,0,0,0,0,0,0,0,1,0,0,0,0,0,0,0,0,0,0,0,1144832,-7.4,BLACKLIST,$BLOCKED,0,0,0,0,0,0
1130396400,"Thu Oct 27 00:00:00 2005","Unknown","222.171.73.23","66.93.133.119",1,0,0,0,1,1254,1,0,0,0,0,0,0,0,0,0,0,0,0,0,35070,-1.7,SUSPECTLIST,$THROTTLED,1,1,0,1,1,0
1130396400,"Thu Oct 27 00:00:00 2005","Unknown","222.212.136.254","66.93.133.119",0,0,0,0,0,0,0,0,1,0,0,0,0,0,0,0,0,0,0,0,35379,-7.2,BLACKLIST,$BLOCKED,0,0,0,0,0,0
